Date,Open,High,Low,Close,Volume,RSI_14,MACD,MACD_Signal,ATR_14,Bollinger_Upper,Bollinger_Middle,Bollinger_Lower,"('VIXCLS', '^VIX')"
2024-02-20,425.3839490471561,426.9026445116606,420.37126952037295,424.1630554199219,53999500,54.518381649241455,6.7206079245370915,8.681570435752311,5.3692209461603095,434.77981359360336,425.2430084228516,415.7062032520998,15.420000076293945
2024-02-21,421.4135012064581,422.5550294804839,418.5150905198182,422.4656677246094,50179700,52.42047824356922,5.866368100462637,8.118529968694377,5.3891312285848345,434.71157860425257,425.34872283935545,415.9858670744583,15.34000015258789
2024-02-22,431.28007991981656,435.87587941064345,430.50584358886897,434.8336486816406,53887800,63.45537909211825,6.116858250817472,7.718195625118996,5.962065546974066,436.09324417703596,425.9562026977539,415.81916121847183,14.539999961853027
2024-02-23,436.4019845466497,437.3350425168609,432.57051567111625,433.5531921386719,39853900,61.855894095260545,6.141258749795213,7.40280825005424,5.876527068314821,437.04321896272415,426.4738510131836,415.90448306364306,13.75
2024-02-26,434.36712064247854,435.3597328787309,433.13626087088295,433.3248596191406,33043200,61.557916747456346,6.07217553518791,7.136681707080974,5.615594563995757,437.72610150570034,427.10614624023435,416.48619097476836,13.739999771118164
2024-02-27,434.43655554750137,434.7541684007177,431.81604503667216,434.3670654296875,33713200,62.44714954806896,6.0319908529587,6.915743536256519,5.424346621142169,438.6001045270468,427.57515411376954,416.55020370049226,13.430000305175781
2024-02-28,432.213112354636,433.44397205103047,431.0914557494604,432.0542907714844,32938800,59.17586953346024,5.7472716465354665,6.682049158312308,5.270865411076806,438.96554274926234,428.069970703125,417.1743986569877,13.84000015258789
2024-02-29,434.9924743800023,436.83871861271865,431.80616726799695,435.75677490234375,42495200,62.55741688102698,5.754059929474295,6.496451312544705,5.253842977765727,438.4116820554874,429.16333465576173,419.91498725603606,13.399999618530273
2024-03-01,436.65012463825656,443.2807672273285,436.5905703263642,442.3179321289063,43809200,67.66833092521628,6.217202209913125,6.44060149201839,5.4159965025670855,439.98265193625735,430.3410675048828,420.69948307350825,13.109999656677246
2024-03-04,442.3179349179366,442.7447812120192,440.4915319934369,440.73968505859375,34325700,65.3572982001012,6.383311612512216,6.429143516117155,5.190085982282454,441.49350491408507,431.0860229492188,420.6785409843525,13.489999771118164
2024-03-05,437.6824406075132,437.6923764233258,430.4462889444193,432.82855224609375,57917100,55.18359650616264,5.809622497169471,6.305239312327618,5.554608134560455,441.54402870555265,431.46321563720704,421.38240256886144,14.460000038146973
2024-03-06,437.067035382182,438.7246808844075,433.6623826177155,435.54833984375,46234500,57.625723275049445,5.510907557073892,6.146372961276873,5.579002456257121,441.70589144148335,432.01907806396486,422.33226468644636,14.5
2024-03-07,439.1515351941092,443.4197558515967,437.603032179318,442.1591491699219,44526700,62.915399954380526,5.741427278949175,6.065383824811333,5.742746281370661,443.20086719217755,432.687109375,422.1733515578224,14.4399995803833
2024-03-08,442.5164568673743,445.3255664484289,435.1016422802562,435.776611328125,71954300,55.687560860253996,5.347456210087671,5.9217983018666,6.062830416142234,443.4915715307892,432.99630584716795,422.5010401635467,14.739999771118164
2024-03-11,434.2777695048875,435.41926746644725,432.22305499880775,434.1586608886719,45860000,53.994178803440626,4.848782474811401,5.70719513645556,5.883596552797592,443.5147822925155,433.01318206787107,422.5115818432266,15.220000267028809
2024-03-12,436.4813656143289,440.7396500639856,433.2355043928397,440.38232421875,55300900,59.14111546804865,4.899301466668817,5.5456164024982115,5.999350061251044,444.39443714395077,433.42610931396484,422.4577814839789,13.84000015258789
2024-03-13,439.3798220199932,439.3996936526575,435.8759018646458,436.99755859375,37928700,55.5042324506426,4.613039584600813,5.359101038918732,5.892712367883411,444.42654122566313,434.0067901611328,423.5870390966025,13.75
2024-03-14,438.2383022903819,438.7643855638928,433.16606830352464,435.895751953125,52195200,54.332942246348814,4.248296673362631,5.136940165807512,5.871684145918037,444.5845624663456,434.30060424804685,424.01664602974813,14.399999618530273
2024-03-15,432.8484352505753,435.6277374602,429.5430194630024,430.7143249511719,73038800,49.08689002612962,3.5007825897767475,4.809708650601359,5.906044741932648,444.5925563564319,434.27132415771484,423.9500919589978,14.40999984741211
2024-03-18,436.0646105103152,438.3605742247722,434.5836420272337,434.82220458984375,47323800,52.96436832697861,3.2029225514222617,4.488351430765539,6.030345065623199,444.4696215824411,434.64298248291016,424.8163433833792,14.329999923706055
2024-03-19,432.8045382910624,436.31309139477713,430.6973923723623,435.9055786132813,43004100,53.96022835723153,3.019478881630505,4.194576920938532,6.000727491108316,443.8054816975314,435.2301086425781,426.6547355876248,13.819999694824219
2024-03-20,437.1081943269805,441.41187484295807,435.3986426649936,441.0739440917969,43653500,58.47691926301321,3.2536364562150197,4.006388827993829,6.001620683026614,442.8177167422985,436.1605224609375,429.5033281795765,13.039999961853027
2024-03-21,446.1529782989471,446.6101752233874,442.9624881180108,443.1612548828125,39345700,60.17613755353041,3.56652389021599,3.9184158404382616,5.968378572209749,443.86213972889743,436.57690277099607,429.2916658130947,12.920000076293945
2024-03-22,442.6443800896442,444.77136321757473,441.7895890577687,443.6681213378906,28229300,60.59780602175087,3.8114532621008266,3.8970233247707746,5.755049685609484,444.8466733525548,437.08264923095703,429.3186251093593,13.0600004196167
2024-03-25,440.8553126066501,443.5488705297852,439.8514692307558,442.0579833984375,27789200,58.479514527710585,3.8314700766741794,3.8839126751514557,5.616592715718437,445.3706740594412,437.51930541992186,429.6679367804025,13.1899995803833
2024-03-26,443.58858520265886,444.5129582338751,440.3980953818721,440.626708984375,34142000,56.58594227224171,3.6893135527631102,3.8449928506737865,5.50932629688162,445.65507649488336,437.83228759765626,430.00949870042916,13.239999771118164
2024-03-27,443.7277369503236,443.8271354848446,439.2451269333431,442.1275024414063,41359200,58.11736409927678,3.655615314900672,3.8071173435191636,5.443089315068753,445.89862329272995,438.33594818115233,430.7732730695747,12.779999732971191
2024-03-28,442.077841642599,442.9326326859272,440.954701840876,441.3125305175781,36839600,56.9427126769172,3.5225421224819797,3.7502022993117268,5.195577995781787,446.1851936920482,438.6137359619141,431.04227823177996,13.010000228881836
2024-04-01,442.2666632281864,444.8111079660464,440.3284979817832,442.2467956542969,38729000,57.99094651614525,3.452667841636014,3.6906954077765843,5.144651709244746,446.1747367757666,438.6101791381836,431.0456215006006,13.649999618530273
2024-04-02,437.406373506966,438.7481779333621,435.3688399821171,438.43011474609375,44259700,52.38068533790581,3.054111818761669,3.563378689973601,5.268459135168677,445.9959482951878,438.4947006225586,430.99345294992935,14.609999656677246
2024-04-03,436.2931853637425,441.302574431378,436.28326674244977,439.41412353515625,39949800,53.626324376733706,2.785544561007498,3.4078118641803803,5.250662603294359,445.86550170474095,438.82397918701173,431.7824566692825,14.329999923706055
2024-04-04,443.6183822714089,444.2346410425793,432.4665463196345,432.6951599121094,57267700,44.97523987756321,2.007398818637796,3.1277292550718636,5.7161934689836755,446.0886243916864,438.6813201904297,431.274015989173,16.350000381469727
2024-04-05,434.1264521026199,440.4776458293539,433.31142652599976,437.7940368652344,54723000,51.384712629968966,1.7816121527155815,2.8585058346006074,5.863785786716592,445.70295469406665,438.4630645751953,431.22317445632393,16.030000686645508
2024-04-08,438.7283554807965,439.8117298874376,436.5317901364024,437.92327880859375,28144900,51.53880173316565,1.5947203939537076,2.6057487464712272,5.679225355596494,445.7107617106507,438.5703979492188,431.4300341877869,15.1899995803833
2024-04-09,440.268880585883,440.54717829110353,434.78242711203205,439.5433349609375,39521600,53.52722548961935,1.5593570236696337,2.3964704019109084,5.685334342987565,445.6946651322851,438.83963165283205,431.984598173379,14.979999542236328
2024-04-10,434.34508463499066,436.57146620920383,433.6294576529687,435.7067565917969,61502200,48.45654834450263,1.2078283933028615,2.158742000189299,5.701658840486224,445.5527861081491,438.60585327148436,431.6589204348196,15.800000190734863
2024-04-11,437.58530486966725,443.6184048391595,435.299259825144,442.6642456054688,45474600,56.503613916080816,1.4736631666896187,2.021726233489363,5.888622138595457,446.0106727012859,438.8891876220703,431.76770254285475,14.90999984741211
2024-04-12,438.42024611410295,439.5533046411986,434.2258821418016,435.607421875,53602600,48.27174470481338,1.1022068862379228,1.837822364039075,6.0707465189577245,446.02155950554777,438.87477111816406,431.72798273078035,17.309999465942383
2024-04-15,439.3743646809335,439.4638142669687,427.5963505381649,428.4411926269531,63453600,41.63774367933181,0.22695411240755448,1.5156487137127708,6.4847977482324435,446.4733287524792,438.7611145019531,431.048900251427,19.229999542236328
2024-04-16,428.2821599524439,431.1248004520584,427.08946847613385,428.48095703125,47619000,41.685633869827626,-0.4581995227282505,1.1208790664245665,6.30983590735331,447.22525134197866,438.4440521240234,429.66285290606817,18.399999618530273
2024-04-17,430.4687713063223,430.4886388797088,422.3185770562352,423.25286865234375,56880500,37.346549479094435,-1.406834640052523,0.6153363251291485,6.442709187076188,448.7829338643904,437.81141662597656,426.83989938756275,18.209999084472656
2024-04-18,423.8989211095965,425.6382892751521,420.26115319205934,420.837646484375,46549400,35.50775274756145,-2.3267022736909553,0.026928605365127645,6.366596822505942,449.9057861856045,436.79960174560546,423.69341730560643,18.0
2024-04-19,419.6549075000701,420.1816864022016,410.56050213994087,412.1308898925781,75136600,29.80971783118275,-3.7154372444206274,-0.7215445645920234,6.645921645500813,451.8540516350176,435.2480834960937,418.64211535716987,18.709999084472656
2024-04-22,414.77473764209736,418.62122159598886,411.4252160663763,416.2755737304688,47807700,35.145087146620256,-4.430506248728477,-1.4633369014193143,6.685213351508793,451.9357670754569,433.87845611572266,415.8211451559884,16.940000534057617
2024-04-23,418.213715146909,423.6902503436787,416.325264147664,422.4876098632813,44384700,42.23265391676967,-4.444708355483385,-2.0596111922321283,6.737317870201729,451.19763746517214,432.89993743896486,414.6022374127576,15.6899995803833
2024-04-24,425.5985890096038,427.11929265998185,421.62289001962966,423.9188537597656,48440300,43.75769571430895,-4.291010112845527,-2.505890976354808,6.648681068069619,450.40045684742535,432.0645446777344,413.7286325080434,15.970000267028809
2024-04-25,416.69299866894346,422.7360780796387,415.59970571969336,421.8713684082031,57392200,42.04755473260994,-4.285023026426586,-2.861717386369164,6.768000137498379,449.28988783116046,431.0517379760742,412.81358812098796,15.369999885559082
2024-04-26,425.0220605397204,429.9221018601269,424.3263314732863,428.3815307617188,41874900,48.88760650020427,-3.712170927368618,-3.0318080945690546,6.859623945671619,448.04965542675535,430.4051879882812,412.7607205498071,15.029999732971191
2024-04-29,430.4986374251747,431.1248148789749,427.3677804883503,430.1209411621094,30022200,50.56642807629671,-3.0822948528348206,-3.041905446222208,6.638010406025403,446.5866375938399,429.79889526367185,413.0111529335038,14.670000076293945
2024-04-30,428.5306418580008,429.9320793690748,421.9309974145237,422.010498046875,43665900,43.40718441909956,-3.200663249753461,-3.0736570069284586,6.7488627875654235,445.6021284164168,428.97791442871096,412.3537004410051,15.649999618530273
2024-05-01,420.5792391092832,427.526793526438,418.1043762633223,418.9591369628906,52251700,41.052266830413096,-3.500340647204098,-3.1589937349835866,6.939830964390441,444.401219770799,427.95516510009764,411.5091104293963,15.390000343322754
2024-05-02,422.7161718987801,425.2109326559096,418.07456043563815,424.3064575195313,36559000,46.527148542216175,-3.2686738270450064,-3.1809297533958705,6.9538696255247965,443.9045452763723,427.5357299804688,411.16691468456526,14.680000305175781
2024-05-03,431.8006603779173,433.8282753119097,429.9917100969259,432.8343505859375,48515300,53.88337890374224,-2.3696308734515696,-3.0186699774070105,7.137294494585767,443.1704605901976,427.2877456665039,411.4050307428102,13.489999771118164
2024-05-06,434.6432882241486,437.6648280070857,433.8680281196253,437.5753784179688,30227200,57.392687504937165,-1.2600465001499401,-2.6669452819555963,6.972521846483084,443.1071302275253,427.27035064697264,411.43357106642,13.489999771118164
2024-05-07,438.0226242148974,439.2848976550699,436.9094030800237,437.6449279785156,30996100,57.44384779563081,-0.37080639657767733,-2.2077175048800126,6.644162755666165,442.73720044651026,427.17543029785156,411.61366014919287,13.229999542236328
2024-05-08,435.0110711964072,438.7979221763024,434.8917747439464,437.3865356445313,24896700,57.169196993272784,0.30950491030870353,-1.7042730218422695,6.448590232572579,443.02130690382813,427.2594192504883,411.49753159714845,13.0
2024-05-09,437.6548267735476,438.9171304887115,435.7961925355049,438.3406372070313,24580100,57.96832023435656,0.9150958889483718,-1.1803992396841412,6.21090078404644,442.05480469743355,427.0432388305664,412.03167296369924,12.6899995803833
2024-05-10,439.8514844665781,441.6107204229223,437.8238694047022,439.3743896484375,27116600,58.86386571445586,1.4615978944454469,-0.6519998128582235,6.037754372201705,442.75407475082307,427.2315872192383,411.7090996876535,12.550000190734863
2024-05-13,441.2926282142823,441.3920267530525,438.96684800150217,440.3881530761719,22994200,59.769129371987795,1.9539826121391002,-0.1308033278587588,5.779713256440893,444.377250458345,427.82893524169924,411.2806200250535,13.600000381469727
2024-05-14,439.9607534587685,443.7575530154276,439.7719053430275,443.2208251953125,34478300,62.26779512405904,2.543454652746391,0.40404826826227114,5.651565714723692,446.42569147477207,428.56592864990233,410.7061658250326,13.420000076293945
2024-05-15,445.7056538341918,450.39697971455655,444.184950229549,450.14849853515625,41464700,67.57225594702892,3.528941393691241,1.0290268933480653,5.760464915046575,449.8920294787505,429.910710144043,409.9293908093355,12.449999809265137
2024-05-16,449.959645965884,451.9276278068705,449.0651197953174,449.2341003417969,34780400,66.24841085763127,4.1878870881955095,1.660798932317554,5.553467993368469,452.5296866254783,431.3305328369141,410.13137904834986,12.420000076293945
2024-05-17,449.3632912813186,449.96960113416935,446.8089277994976,449.0154418945313,35803700,65.91584766890935,4.638987034384854,2.256436552731014,5.382554089175846,453.7812002902357,433.17476043701174,412.5683205837878,11.989999771118164
2024-05-20,449.2341394197118,452.81224441323,449.0452912822322,452.1463317871094,24474200,68.36467010952781,5.189304567309932,2.8430101556467977,5.2692861198560506,455.6232215355118,434.9682983398437,414.31337514417567,12.149999618530273
2024-05-21,450.287672135994,453.2197319159989,450.0888750553738,453.0308837890625,23167700,69.04141679084368,5.631890206454841,3.400786165808406,5.116541172768125,457.7415162121433,436.49546203613284,415.24940786012235,11.859999656677246
2024-05-22,453.2893164945457,454.0447090065695,450.3274098367153,452.9414367675781,25120000,68.88095187072587,5.907328876931956,3.902094708033116,5.016595315417134,459.52045307149024,437.94659118652345,416.37272930155666,12.289999961853027
2024-05-23,457.7520258165309,457.78184234537497,449.1048987978149,450.9039001464844,40899200,65.16549413746803,5.893269884005576,4.300329743227608,5.278048760570202,460.3481211446348,439.3982177734375,418.44831440224027,12.770000457763672
2024-05-24,452.5239728919007,456.4400385303432,450.8144212409453,455.1678161621094,29651000,68.94110392249624,6.1552366812896935,4.671311130840025,5.302875084057894,462.1194395479886,440.737532043457,419.35562453892544,11.930000305175781
2024-05-28,456.3903667186208,456.9469621609414,453.91550375786767,456.8873291015625,26216800,70.33737124644433,6.427505299046572,5.0225499644813345,5.140631035416168,463.97659028445406,442.0758514404297,420.1751125964053,12.920000076293945
2024-05-29,452.7128634225479,455.45607515134446,452.5736993958368,453.6670227050781,29739200,64.49011483145038,6.310682705272768,5.280176512639621,5.081559511866849,464.05398044813035,443.65867767333987,423.2633748985494,14.279999732971191
2024-05-30,452.7327164936853,452.8718805159378,447.4748461559964,448.80670166015625,30714100,56.813496171567635,5.759520501948828,5.376045310501462,5.160889300239342,462.19061494076516,445.15105590820315,428.11149687564114,14.470000267028809
2024-05-31,449.0353390772498,449.7310985610512,440.3683137209429,447.9718322753906,55941300,55.589423370964944,5.195463434440796,5.339928935289329,5.461024695944268,460.45657559499756,446.3343246459961,432.21207369699465,12.920000076293945
2024-06-03,451.8083903269463,452.81223371954,445.1788987597775,450.3771362304688,32997500,58.37218172708988,4.886206920024051,5.249184532236273,5.616189714788429,459.98563645570994,447.21146392822266,434.4372914007354,13.109999656677246
2024-06-04,450.11870148213904,452.8122290903697,448.3892821049824,451.6095886230469,23767400,59.76339986386161,4.686543950928524,5.1366564159747234,5.530958091259779,460.01721362278147,447.9131744384766,435.8091352541717,13.15999984741211
2024-06-05,455.1976581119404,460.79342885478496,451.6493395512088,460.71392822265625,33817400,68.21435182240936,5.202977046324804,5.14992054204474,5.7918782441510865,461.4307038449889,449.0666244506836,436.7025450563783,12.630000114440918
2024-06-06,461.39971264345934,461.7177758183551,459.3820467717365,460.5548706054688,21966800,67.94585568971313,5.535608327713476,5.227058099178487,5.545010444327338,462.33346004095654,450.2250411987305,438.1166223565044,12.579999923706055
2024-06-07,460.1871653858833,462.9105095308985,459.03420902064926,460.14739990234375,25829700,67.2159591942276,5.700628240487049,5.3217721274402,5.425816877607473,462.8609969725552,451.3153793334961,439.76976169443697,12.220000267028809
2024-06-10,459.0143191963893,462.3638406330493,458.726072536008,462.0060119628906,20719800,68.859214038327,5.913218271102721,5.440061356172704,5.298099107567029,463.51582948146853,452.44696044921875,441.37809141696897,12.739999771118164
2024-06-11,460.7238724167669,465.2959321874115,459.22303638582815,465.1766357421875,22053300,71.48498415657795,6.265317562143252,5.605112597366814,5.3534417285681934,464.62718585505786,453.6863845825195,442.74558330998116,12.850000381469727
2024-06-12,469.1225281024508,473.6051383840081,468.4267989840884,471.2694091796875,34532600,75.72145970416403,6.9558124084040855,5.875252559574268,5.573088936657652,467.40793980549734,455.0888137817383,442.7696877579792,12.039999961853027
2024-06-13,474.8177162192332,475.4836591246592,471.53777679152455,473.8237915039063,25859000,77.24766387659261,7.621298272125614,6.224461702084538,5.476029008680085,470.8147311635474,456.27257843017577,441.73042569680416,11.9399995803833
2024-06-14,473.62498578850034,476.3483600846976,473.157839967531,476.2787780761719,23372600,78.63757947441317,8.251677313317487,6.629904824331128,5.312778373571979,474.18686624381183,457.6248123168945,441.0627583899772,12.65999984741211
2024-06-17,476.54714408972313,483.9021810490091,475.2351864943454,482.1131286621094,37054500,81.52594843801,9.116946098162884,7.127313079097479,5.552365243649959,478.47496527165833,459.2796966552734,440.0844280388885,12.75
2024-06-18,482.063440285676,482.9480175176574,480.4930222351118,482.26220703125,24438600,81.59442758351094,9.70285870721068,7.642422204720119,5.331124532142502,482.1127231401266,460.78549041748045,439.4582576948343,12.300000190734863
2024-06-20,483.4648920564215,483.88232346697015,476.70618553173887,478.5449523925781,33918700,74.20792535017094,9.754800025662234,8.064897768908542,5.4629112037917,484.4083209958075,462.0611938476562,439.71406669950494,13.279999732971191
2024-06-21,478.2666605852058,479.60846508576105,475.76198109443226,477.2627868652344,39432900,71.79373586636929,9.58204796784429,8.368327808695692,5.347452117187207,486.1478211026675,463.2772613525391,440.4067016024107,13.199999809265137
2024-06-24,476.0303454875639,477.7724784027067,471.6899603501367,471.8293151855469,37751000,62.51249782953375,8.904064449888267,8.475475136934207,5.39995682685741,486.74431007458315,464.3235321044922,441.9027541344012,13.329999923706055
2024-06-25,473.9298276521408,477.5235842618228,472.9840862388635,477.2249450683594,29250200,67.06570265410039,8.70183057946457,8.52074622544028,5.420979130387304,488.1056738083295,465.4263885498047,442.74710329127987,12.84000015258789
2024-06-26,476.39868470271176,478.75805597826286,475.9805898095976,478.2105102539063,22737100,67.83421824140324,8.522839663541333,8.521164913060492,5.232156775978588,489.4687710914905,466.4925476074219,443.5163241233533,12.550000190734863
2024-06-27,477.9616237631204,480.9282381602352,477.1453027680209,479.4449157714844,26222100,68.81573336793357,8.383949332940574,8.493721797036509,5.128640962852567,490.6269187996074,467.7814422607422,444.93596572187704,12.239999771118164
2024-06-28,480.24132931728025,485.009804377067,476.3090743915452,476.9561462402344,34881600,64.53969766136984,7.9810542186329485,8.391188281355797,5.38379017875751,490.6089697753113,469.1889144897461,447.76885920418084,12.4399995803833
2024-07-01,477.8819867258792,480.3209545126409,474.11898094653327,479.7535400390625,24898300,67.0202826951382,7.7975973897385416,8.272470103032346,5.44223184928252,490.2974093468184,470.7779998779297,451.25859040904095,12.220000267028809
2024-07-02,478.2503300154015,484.85052984271175,478.1209095669621,484.7908020019531,26723600,70.95975118059388,7.9668347614081085,8.211343034707498,5.534188165458744,490.531903046957,472.4986831665039,454.4654632860508,12.029999732971191
2024-07-03,484.0342109510959,488.9619704978305,484.0342109510959,488.8325500488281,18064900,73.67675081789133,8.331056651653114,8.235285758096621,5.49087183554988,491.0160528375603,474.35983123779295,457.70360963802557,12.09000015258789
2024-07-05,489.67874147443626,494.3675593389876,489.3800718849898,493.9295349121094,28495900,76.64437881750695,8.928071949039577,8.373842996285212,5.494024510879135,493.5063051319572,476.02061157226564,458.53491801257405,12.479999542236328
2024-07-08,494.2978308254437,495.6616670817265,493.2724624416382,495.1041870117188,22109400,77.28008618330368,9.387779008225266,8.576630198673223,5.272251662965503,495.6033754355199,477.7480773925781,459.8927793496363,12.369999885559082
2024-07-09,496.6273180908013,497.7522430208902,494.0091364316496,495.5322570800781,25614500,77.5202171771188,9.675113159670332,8.796326790872644,5.163027014842295,497.0555478368216,479.51732025146487,461.97909266610816,12.510000228881836
2024-07-10,497.4635544068428,501.2564241916965,496.1495115315863,500.6989440917969,28046900,80.23546852115504,10.202132177724025,9.07748786824292,5.203108450326302,499.3690271908905,481.4519668579102,463.53490652492985,12.850000381469727
2024-07-11,500.8084714288421,501.0175188737298,488.5239491686358,489.7185363769531,49966600,62.858533823402,9.622845241080825,9.1865593428105,5.723855682809708,499.2829155340703,482.67906188964844,466.0752082452266,12.920000076293945
2024-07-12,490.2959375419354,497.37396004854935,489.82804920549296,492.5955505371094,37109400,64.99754706437322,9.288831303596965,9.207013734967793,5.861824824865887,500.01716133635944,483.74536895751953,467.4735765786796,12.460000038146973
2024-07-15,494.3774792313232,498.7577233716833,491.8688188076151,493.9195556640625,31151400,65.96886892647316,9.02690248744949,9.170991485464132,5.935187663380337,500.92878828940485,484.75015716552736,468.57152604164986,13.119999885559082
2024-07-16,495.38294816768223,496.19926915513554,490.9330418038844,494.1087036132813,25950600,66.11354193541153,8.733905644679623,9.08357431730723,5.887404783942537,501.8198074836775,485.6416534423828,469.4634994010881,13.1899995803833
2024-07-17,486.0849618906109,486.602613321196,479.5345552996865,479.6042175292969,56268800,48.93412706113618,7.247765004531516,8.716412454752087,6.507886464631986,501.84010910110715,485.5162078857422,469.1923066703772,14.479999542236328
2024-07-18,483.3472978145408,483.52648133293104,474.1289164391283,477.3344421386719,49347400,46.88116212087288,5.8197494860233405,8.137079861006338,6.71429206671561,501.9280751337046,485.26981964111326,468.6115641485219,15.930000305175781
2024-07-19,476.9959415922219,479.5245313511087,471.809372018062,473.103515625,42042900,43.239592925192724,4.297102170021503,7.369084322809371,6.78578258573926,502.2534832694133,484.99774780273435,467.7420123360554,16.520000457763672
2024-07-22,478.99694454321184,481.1771018089692,475.56244189705,480.1517333984375,40300000,50.18192881560557,3.6174260363339386,6.618752665514284,6.877768557041399,502.1835505143291,485.1421951293945,468.1008397444599,14.90999984741211
2024-07-23,479.2458381866789,482.2522509225213,477.981558373806,478.4593811035156,23282500,48.64348738278561,2.9086895543759965,5.876740043286627,6.6915488421609615,501.70495413136274,485.473698425293,469.2424427192232,14.720000267028809
2024-07-24,471.6899442961839,472.05827609627306,460.4307909553824,461.296875,58818600,36.442049259096684,0.9511754186085568,4.891627118351012,7.5013375068732655,503.7616340362823,484.677294921875,465.59295580746766,18.040000915527344
2024-07-25,461.63535057513343,465.836380804191,453.5817227700731,456.2098388671875,59256800,33.740536035233454,-0.999132560677026,3.7134751825454044,7.840860401676452,506.22868634249915,483.57726135253904,460.92583636257893,18.459999084472656
2024-07-26,460.5701641696498,463.8354178088728,457.7031062658662,460.88873291015625,39992100,38.27307961444005,-2.1425203978784566,2.542276066460632,7.825483154534228,507.33107175576237,482.64945220947266,457.96783266318295,16.389999389648438
2024-07-29,463.6163748071722,465.8064967772175,459.5447652004663,461.81451416015625,28218500,39.15989632769404,-2.940069396849651,1.4458069737985753,7.71378661326401,508.1073631734494,481.8923706054687,455.67737803748804,16.600000381469727
2024-07-30,463.7558108959114,464.462610635452,452.1083952525205,455.4732055664063,41317200,35.4074920963221,-4.037284034327342,0.3491887721733917,8.045245811097402,509.3141710685693,480.67835388183596,452.0425366951026,17.690000534057617
2024-07-31,465.7666745485095,470.6645699401468,464.3132465193608,468.9523010253906,44552100,47.02703205636921,-3.775660718992583,-0.47578112605980327,8.555682851286194,508.89710035282025,479.8864288330078,450.8757573131954,16.360000610351562
2024-08-01,469.6392078143716,473.4121479567119,453.9301481810581,457.5935974121094,56653900,40.42719650737238,-4.433765125200125,-1.2673779258878677,9.336134060169599,508.57754369082096,478.32448120117186,448.07141871152277,18.59000015258789
2024-08-02,448.863060331411,451.53100522935887,442.4719077644408,446.732666015625,66323200,35.32260231912973,-5.7652458383278145,-2.166951508375857,9.749388030705239,508.2737287795501,475.96463775634766,443.65554673314523,23.389999389648438
2024-08-05,422.8007291255903,440.3017161359523,421.546414050656,433.4128112792969,87483500,30.273966704842625,-7.805280440532954,-3.2946172948072765,10.852021168866937,508.86181743356354,472.88006896972655,436.89832050588956,38.56999969482422
2024-08-06,435.2644593844645,445.06022037693447,432.6064489049222,437.5541076660156,63164400,33.45842747454429,-8.984289258242825,-4.432551687494386,10.966431904805887,507.50491327825006,469.9811614990234,432.4574097197968,27.709999084472656
2024-08-07,444.4827736124513,446.9814995118465,432.4172644998528,432.8154602050781,54929200,31.675758379618014,-10.18364081591659,-5.582769513178826,11.223417841033585,504.65917808475285,466.5869873046875,428.51479652462217,27.850000381469727
2024-08-08,439.0772285729269,446.9715722585002,435.1848021883716,446.05572509765625,47890100,41.11611917031171,-9.951047363222642,-6.45642508318759,11.432895999061333,501.9234433932972,464.40384674072266,426.8842500881481,23.790000915527344
2024-08-09,444.7316476596706,450.0277386176797,443.60672277185614,448.3851623535156,33574000,42.61831346353933,-9.469589721889918,-7.059058010928055,11.074904559544349,497.97795763631547,462.19332733154295,426.4086970267704,20.3700008392334
2024-08-12,449.3607948449375,452.3273788379459,446.5335353049843,449.350830078125,27795000,43.26448241527564,-8.907430443989256,-7.428732497540295,10.697685914788439,493.0156291278918,459.9648910522461,426.9141529766004,20.709999084472656
2024-08-13,453.7708680093339,460.7692634218396,453.6314827968935,460.5004577636719,40084500,50.232875746290986,-7.476054095288589,-7.438196817089954,10.749167873997449,487.4041203192683,458.28447875976565,429.164837200263,18.1200008392334
2024-08-14,461.4263030901307,463.0190859947047,456.33925926895904,460.6498107910156,34733700,50.32089744083086,-6.25749398976302,-7.202056251624567,10.458500649122323,484.8062603493407,457.3367584228516,429.8672564963625,16.190000534057617
2024-08-15,466.6526726495438,472.6854271466294,466.2743761001581,472.2872314453125,38280600,56.741116819556304,-4.303129934780429,-6.62227098825574,10.571151771014572,483.8993312397856,457.0843978881836,430.2694645365816,15.229999542236328
2024-08-16,470.4953312452627,474.2683018012869,469.5296906664509,472.8945007324219,38383600,57.05301873127492,-2.674451373816339,-5.83270706536786,10.154541725573244,483.86405086777773,457.0739471435547,430.2838434193316,14.800000190734863
2024-08-19,473.0338920966615,479.1462739994683,471.2419657477301,479.1064453125,23737700,60.213204642742035,-0.8724033453189577,-4.840646321358079,9.993810763156455,483.63498923639503,457.0216827392578,430.4083762421206,14.649999618530273
2024-08-20,478.190574421954,480.7689273330181,476.3986481620322,478.1009826660156,29209300,59.450669625376165,0.46919171769098966,-3.778678713548265,9.592129935144273,483.5597262355153,457.00376281738284,430.44779939925036,15.880000114440918
2024-08-21,478.8874084800057,482.1924905795276,477.1652052071158,480.3309020996094,25658800,60.64113969159152,1.6928373575701698,-2.6843754993245783,9.266069609234814,486.3586536792642,457.9554641723633,429.5522746654624,16.270000457763672
2024-08-22,482.6603814021867,483.3572466801833,471.6799683630552,472.7153015136719,37739600,54.73136723098661,2.024730192699053,-1.742554360919852,9.438298802655765,487.8836235759907,458.7807373046875,429.67785103338423,17.549999237060547
2024-08-23,477.0855699393277,480.5698357118293,473.143380600377,477.8421630859375,36061500,57.71870160805247,2.6706667537050066,-0.8599101379948801,9.325172759477312,489.8919621878156,459.62840881347654,429.3648554391375,15.859999656677246
2024-08-26,477.2946644624071,478.220476394492,471.1125593872627,473.203125,27452600,54.231333646629665,2.776241741897536,-0.13267976201639686,9.166797348602453,491.02776687507577,460.1978393554688,429.3679118358618,16.149999618530273
2024-08-27,471.5605539859083,475.6918918034219,469.5894440346769,474.6167602539063,27510000,55.121183490672585,2.940087730201583,0.4818737364271992,8.947915235755493,492.5227759688343,461.15501708984374,429.78725821085317,15.430000305175781
2024-08-28,474.1488432070302,474.8755420430586,465.78661154667714,469.2310485839844,37372400,51.049010538030046,2.605322400016405,0.9065634691450404,8.957987754371635,492.55080351579784,461.16895446777346,429.7871054197491,17.110000610351562
2024-08-29,471.1523759054323,475.7814658266737,467.259949603976,468.5441589355469,41081500,50.53622118229866,2.258556971078349,1.176962169531702,8.926811216394926,493.2116154103036,461.7164825439453,430.221349677587,15.649999618530273
2024-08-30,472.9044551869276,474.756078931274,468.3948211220354,474.12890625,33466500,54.53502306452971,2.40664302225332,1.4228983400760256,8.743557401598043,494.23671277726413,463.08629455566404,431.93587633406395,15.0
2024-09-03,471.0727590117474,471.20214908201854,457.34474294143126,459.7339477539063,44985200,44.53998908156701,1.346922948445581,1.4077032617499365,9.317886394953092,492.50155167037605,464.40235137939453,436.303151088413,20.719999313354492
2024-09-04,456.60805588804857,462.362070600994,455.6722792409272,458.539306640625,32505100,43.82217101238691,0.4060093778963392,1.2073644849792171,9.130165321032644,490.9049154722983,465.451611328125,439.99830718395174,21.31999969482422
2024-09-05,456.9066752215722,463.26793281179454,455.88130686094047,458.9673767089844,34452400,44.169386245864295,-0.301652466828898,0.905561094617594,9.005626794591317,487.64979958583746,466.7592071533203,445.8686147208031,19.899999618530273
2024-09-06,458.260569077701,459.1465826574756,446.1751603520443,446.67291259765625,50624400,37.08076284463206,-1.8334057219551596,0.3577677313030433,9.288897902508458,487.55970915709156,466.7900665283203,446.0204238995491,22.3799991607666
2024-09-09,451.0232310375074,453.4124355744246,447.7978064316884,452.41693115234375,32981200,41.781765380472116,-2.5543914847490328,-0.224664111907372,9.106799693527021,487.1109195646823,466.99165496826174,446.87239037184116,19.450000762939453
2024-09-10,454.1889796697815,457.1058310486294,450.1970271400793,456.5981140136719,29680300,45.00294177332035,-2.756614842903275,-0.7310542581065527,8.949799994600099,486.4229723300798,467.35401916503906,448.2850659999983,19.079999923706055
2024-09-11,457.8424401788252,467.2599034594149,449.2512321971764,466.5132751464844,57843000,51.811898722202855,-2.092684507866352,-1.0033803080585124,9.596862228002838,486.46982796875443,467.6546600341797,448.83949209960497,17.690000534057617
2024-09-12,466.5431884079294,471.90897236695554,464.75129241952897,471.0926513671875,40175500,54.607143671761435,-1.183356546765765,-1.0393755557999629,9.422634922247388,486.76363583075573,468.17680206298826,449.5899682952208,17.06999969482422
2024-09-13,470.3559965945637,474.3877778345382,470.12701961313286,473.203125,29111800,55.87742295850007,-0.2890776943199853,-0.8893159835039673,9.053929443615814,486.85417368451573,468.2225967407227,449.59101979692963,16.559999465942383
2024-09-16,471.0627857543321,471.7297567690146,467.7776329939383,471.112548828125,22585600,54.25768878898841,0.24809285379217272,-0.6618342160447392,8.794755340933376,486.69175696025343,468.1334991455078,449.5752413307622,17.139999389648438
2024-09-17,474.1488812258597,475.4529897850827,468.8527896101697,471.3614501953125,30084400,54.42706808159172,0.6859810805640905,-0.3922711567229733,8.63800140050335,485.68536608206404,467.7462493896484,449.8071326972328,17.610000610351562
2024-09-18,472.5660026146994,476.6774107176949,468.7133746450166,469.3206481933594,39909200,52.70384008036522,0.8584394337985941,-0.14212903861865983,8.589861019944419,484.6304139859478,467.30723266601564,449.98405134608345,18.229999542236328
2024-09-19,480.440413858692,484.0441656809402,478.3299491721025,481.1870422363281,52782500,60.529229888077616,1.930380523848271,0.27237287387472636,9.027979339061304,484.80546607619465,467.35003967285155,449.89461326950845,16.329999923706055
2024-09-20,480.3209422705917,481.5155597873976,476.1497761085855,480.2711791992188,34577700,59.70810384128339,2.6751614715097958,0.7529305934017403,8.766393934757788,485.94197532813484,467.7278335571289,449.513691786123,16.149999618530273
2024-09-23,481.4545328286473,482.640850366717,480.1087070879797,481.5442504882813,24843000,60.51003720083712,3.329748681807871,1.2682942110829665,8.321090316470611,486.6034876501021,467.9129379272461,449.2223882043901,15.890000343322754
2024-09-24,482.9598186385049,484.8240231519451,478.6831249040518,483.8670043945313,25952600,61.996253912804924,3.989946965225954,1.812624761911564,8.165362311572231,488.2831855396088,468.44613189697264,448.6090782543365,15.390000343322754
2024-09-25,483.2389705433321,486.2795443317962,483.0595352231561,484.3156433105469,26549900,62.29145207657789,4.497515710888365,2.3496029517069243,7.81212279707708,489.79542270941835,468.9310760498047,448.066729390191,15.40999984741211
2024-09-26,491.8422631756141,492.1712583596784,484.2956965593865,487.954345703125,32020200,64.68726486092493,5.13419664879666,2.9065216911248717,7.816654154449568,492.32106694808135,469.8672409057617,447.4134148634421,15.369999885559082
2024-09-27,488.9811246193061,489.1207057003584,484.0564193197731,485.2427368164063,22851100,61.548933500109804,5.358200701507371,3.3968574932013715,7.620056456316407,494.1183382444106,470.70216979980466,447.2860013551987,16.959999084472656
2024-09-30,484.2757374570207,486.8975982939018,481.4246083065317,486.55865478515625,30281100,62.499758356452205,5.577613849126806,3.8330087643864585,7.466694565677386,495.710314988912,471.3236572265625,446.936999464213,16.729999542236328
2024-10-01,486.1898056570345,486.48886451106847,475.9216822710896,479.7796936035156,42735400,54.959993186863734,5.145184353721959,4.095443882253559,7.693142990562334,496.37022439307145,472.325944519043,448.28166464501453,19.260000228881836
2024-10-02,478.8725078882411,482.3816273656089,476.24069870329294,480.4576110839844,23744000,55.537650477287826,4.801830623812805,4.236721230565408,7.582270538544735,496.8426581347441,473.42185974121094,450.00106134767776,18.899999618530273
2024-10-03,478.25444691528793,483.0495500313015,477.50676933474847,480.0987243652344,25337200,55.13450616422124,4.449470434794989,4.2792710714113245,7.436592692688187,497.08811856704386,474.4784271240234,451.868735681003,20.489999771118164
2024-10-04,485.9405764313014,486.3692375934672,480.8962476410916,485.81097412109375,30686600,60.09916595246335,4.578376587059893,4.3390921745410385,7.353301302369944,495.590910724508,476.4353302001953,457.27974967588267,19.209999084472656
2024-10-07,483.8869680030971,485.0633067429107,479.3809450518926,480.6071472167969,24975100,54.21363184757395,4.212076109009445,4.313688961434719,7.2873532857150325,493.56404884877355,477.84484100341797,462.1256331580624,22.639999389648438
2024-10-08,483.15923483730273,488.4727168958394,482.3517454681096,487.7848510742188,28272000,60.02821231219143,4.44966805233679,4.340884779615133,7.328654456666998,492.3209672441714,479.4041778564453,466.4873884687192,21.420000076293945
2024-10-09,487.4857513571396,492.2011152826972,486.4390149805114,491.6228942871094,24995000,62.75212216580533,4.8912758077972285,4.450962985251552,7.216757731346911,493.1961196402025,480.65965881347654,468.1231979867506,20.860000610351562
2024-10-10,489.3300644805617,492.9388501015995,488.01414462512105,491.0646667480469,25750400,62.08938307993597,5.136992783371852,4.588168944875612,7.05303971314202,494.1691087864889,481.6582595825195,469.14741037855015,20.93000030517578
2024-10-11,489.2203628430835,492.8590845771344,488.6521510288727,491.8322448730469,20644500,62.67313946788053,5.332196158441718,4.736974387588833,6.84974641565057,495.21726648316326,482.5897155761719,469.96216466918054,20.459999084472656
2024-10-14,494.2348187135991,497.2853408753872,493.726418635354,495.95947265625,26060100,65.7289003458821,5.75360505143351,4.940300520357768,6.749985671842694,496.5869179108302,483.8320617675781,471.07720562432604,19.700000762939453
2024-10-15,496.28844492873617,496.95638364496574,487.1667841921858,489.330078125,34784500,57.57554993061308,5.489359975912237,5.050112411468662,6.967100941909641,496.3235965240013,484.7304931640625,473.13738980412376,20.639999389648438
2024-10-16,489.6590455662745,490.1674760780814,486.06023859507707,489.389892578125,22996800,57.6266227431874,5.224545072822423,5.084998943739414,6.7628249805592615,495.07320781528546,485.7339553833008,476.3947029513161,19.579999923706055
2024-10-17,494.90275215056863,494.95258515393766,489.6690090275068,489.7288208007813,27210700,57.9356339165958,4.984567043173968,5.064912563626325,6.677101237363075,495.4103103518878,486.1610443115234,476.91177827115905,19.110000610351562
2024-10-18,492.5301087142749,494.035442636669,491.77245236820977,492.9388427734375,25335000,60.8478380024306,4.9958160144228145,5.051093253785623,6.507781280114835,496.0784909039994,486.7944274902344,477.5103640764694,18.030000686645508
2024-10-21,491.72263139969306,494.69341466131954,489.78863625441153,493.8859252929688,30336500,61.6905475269815,5.023247677051415,5.045524138438781,6.393281074885776,496.856915436108,487.41151123046876,477.9661070248295,18.3700008392334
2024-10-22,491.20424619179255,495.90963167663193,490.4465898369971,494.4242248535156,26685800,62.18870267165734,5.030436008133904,5.0425065123778054,6.326835415224996,497.70789498203857,487.93937225341796,478.17084952479735,18.200000762939453
2024-10-23,492.0615637296155,492.7195236486866,483.5479998607037,486.8477478027344,39346600,51.94946302103097,4.3743496536988005,4.908875140642005,6.65179181362406,497.7081746999295,488.0659774780273,478.42378025612516,19.239999771118164
2024-10-24,490.5861300850279,491.47338873673766,487.92441497605495,490.7955017089844,22024900,56.01337501613896,4.1253922841562485,4.752178569344854,6.507066750794005,497.9229111790353,488.2080352783203,478.49315937760537,19.079999923706055
2024-10-25,493.6067890456972,498.7308569608721,492.8989656912797,493.7862243652344,38762100,58.85259628113452,4.121903362829073,4.626123528041697,6.609087358014983,498.54043765291044,488.63520965576174,478.72998165861304,20.329999923706055
2024-10-28,496.916488943201,496.976300716809,493.5669079288349,493.865966796875,20477800,58.928719100238055,4.078557839380835,4.516610390309525,6.380537745869207,499.10944866612573,489.00057525634764,478.89170184656956,19.799999237060547
2024-10-29,494.1849827905077,499.7975541196288,492.3207781941025,498.6112365722656,28014100,63.28191816750236,4.376658418882641,4.488619996024148,6.4588404729875695,499.9477049634356,489.94215240478513,479.93659984613464,19.34000015258789
2024-10-30,497.84361506430247,498.8006338320153,494.35445308345726,494.8429260253906,29756000,58.02250581371929,4.259730585193097,4.442842113857938,6.315079064099747,499.8730369426577,490.66141815185546,481.44979936105324,20.350000381469727
2024-10-31,490.8553309093948,490.9051639132044,482.2520491747703,482.3517456054688,41245200,44.74671916368377,3.123129079884791,4.178899507063308,6.763350334565501,499.50901004135875,490.77406921386716,482.0391283863756,23.15999984741211
2024-11-01,483.9966074918361,489.2303504152802,483.6975486368704,485.9206237792969,33655800,48.38074836694452,2.4817349448074992,3.8394665946121465,6.771582797083065,499.50215423079527,490.77955169677733,482.0569491627594,21.8799991607666
2024-11-04,485.3125247275959,487.864595020036,482.7504756656839,484.5050354003906,23291600,47.058661884284334,1.8380118635115537,3.4391756483920277,6.653192551173711,498.9186394579172,490.97444610595704,483.0302527539969,21.979999542236328
2024-11-05,486.1000597381435,491.3537602076177,486.0103420815346,490.6858215332031,24353600,53.086683860601966,1.8057785783501004,3.1124962343836424,6.667159140891809,498.9302570278628,491.11949462890624,483.30873222994967,20.489999771118164
2024-11-06,499.0099904284036,504.841881718078,498.05297163116376,504.0144348144531,43082200,62.89756939475141,2.823197108669717,3.0546364092408576,7.202080644033458,501.36599851284313,491.73907165527345,482.11214479770376,16.270000457763672
2024-11-07,506.8256700187663,512.73733015701,506.7658582500825,511.9497375488281,32853100,67.2842157818555,4.221162305153257,3.2879415884233376,7.310710265356557,505.81862717393375,492.7833251953125,479.74802321669125,15.199999809265137
2024-11-08,511.4513432889382,513.3255267130085,510.82328922416144,512.5479736328125,22924500,67.59526742190707,5.316052305620303,3.6935637318627306,6.967247924177305,509.4260023649325,493.8191116333008,478.21222090166907,14.9399995803833
2024-11-11,513.774070806205,513.9834424127648,509.3378691854966,512.2488403320312,24167500,67.25095676145736,6.089427828366922,4.172736551163569,6.801414017255229,512.1816954212103,494.63358001708986,477.0854646129694,14.970000267028809
2024-11-12,512.1790995095207,513.0662973274696,508.2512671015269,511.32171630859375,25835300,66.12669166231315,6.551995021488324,4.648588245228519,6.659529460732903,514.5260697600597,495.73316192626953,476.9402540924794,14.710000038146973
2024-11-13,510.8133476964653,513.3853147659668,508.3709220958773,510.6637878417969,24567400,65.29251281889455,6.787254283460186,5.076321452874852,6.542019689972659,516.422984771518,496.79685668945314,477.17072860738824,14.020000457763672
2024-11-14,510.3248373833927,511.202086844484,506.1976425891624,507.1148071289063,28679500,60.834493777739006,6.611117018353298,5.383280565970542,6.432192873211868,517.5020520601641,497.66615600585936,477.8302599515546,14.3100004196167
2024-11-15,501.3826186795936,501.7713952012952,492.958772440142,495.0323486328125,51461100,48.65470546605661,5.433934528699638,5.393411358516361,6.983895860037042,517.527775262547,497.7708312988281,478.0138873351092,16.139999389648438
2024-11-18,496.5875174805612,500.5851100268142,495.19185874342753,498.4716491699219,27192700,51.623781102881125,4.724075532316476,5.259544193276384,6.881671969605947,517.6776751753142,498.00011749267577,478.32255981003726,15.579999923706055
2024-11-19,495.8797260604786,502.3895043533527,495.54075211614304,501.9010009765625,24523000,54.452021462083025,4.387649106251843,5.0851651758714755,6.879320560149071,518.0496578441127,498.37395629882815,478.69825475354355,16.350000381469727
2024-11-20,501.60192918938486,501.9209455857888,495.0223605231752,501.6119079589844,29565500,54.16454009594366,4.051003898032491,4.878332920303679,6.8806965960393915,518.0984645460123,499.11216430664064,480.12586406726894,17.15999984741211
2024-11-21,504.6723678805058,505.3901395459976,496.01925366318784,503.4162902832031,34526700,55.735366563170906,3.8850245738891545,4.679671251020774,7.058567259380133,518.4182801332939,499.7432037353516,481.06812733740924,16.8700008392334
2024-11-22,502.85806302821806,504.96151475229726,501.2231267300981,504.2238159179688,23826600,56.45461868519208,3.7751280079018557,4.49876260239699,6.821411599581493,518.8281407593756,500.2650833129883,481.70202586660093,15.239999771118164
2024-11-25,508.32104916491807,509.86626772399495,502.69852968072695,505.0213012695313,26375200,57.19435410569205,3.709622373046102,4.340934556526813,6.846149202701958,519.2531856358031,500.8228500366211,482.3925144374391,14.600000381469727
2024-11-26,506.5066774767877,508.5603265162039,505.6593339061935,507.7328796386719,26557100,59.70110720309049,3.8323336415886047,4.239214373539172,6.609926062985573,519.9180491640167,501.27893218994143,482.6398152158662,14.100000381469727
2024-11-27,506.5964289240894,506.6661890425832,500.3757308391537,503.73529052734375,24957400,54.62251999817618,3.56590563351358,4.104552625534053,6.663299115595046,520.1503853113303,501.7235504150391,483.2967155187479,14.100000381469727
2024-11-29,504.3633300196629,508.7596776658199,503.7452547791602,508.1615295410156,15334000,58.80143912156952,3.6696189315993593,4.017565886747114,6.5462339743722655,519.3273147445547,503.01403961181643,486.70076447907815,13.510000228881836
2024-12-02,509.42762098516585,514.6613638846421,509.0388140524132,513.6943359375,25147200,63.34551904522332,4.150420243134249,4.044136758024541,6.542919715033283,519.3287403491029,504.40272521972656,489.47671009035025,13.34000015258789
2024-12-03,512.3585292405829,515.5486323809755,511.7803082151361,515.2694702148438,18597900,64.5444787365375,4.605469928220259,4.156403392063685,6.344734318662293,518.5010043041214,505.9409469604492,493.3808896167771,13.300000190734863
2024-12-04,518.7088108930553,521.8989141052851,517.9910087683786,521.6397094726562,26086200,68.9657005115517,5.417673583218914,4.40865743029473,6.365070716646514,519.7735942353634,507.4886413574219,495.20368847948043,13.449999809265137
2024-12-05,521.689507909356,522.4172279095515,519.80534590885,520.1941528320312,18169600,66.92622357797102,5.876960548615671,4.702318053958918,6.096985808364726,521.6458187690481,508.2976272583008,494.94943574755354,13.539999961853027
2024-12-06,520.8620569024756,525.0889174852325,520.7324545957838,524.8496704101562,23762600,70.00290407710901,6.541207173906685,5.0700958779484715,6.011112868710193,524.063357300072,508.9426239013672,493.8218905026624,12.770000457763672
2024-12-09,523.9225567999812,524.7200673311128,519.6059481473477,520.7623901367188,20674400,64.34369497090469,6.661033799556719,5.388283462270121,5.956299254002933,525.2688553235911,509.3533447265625,493.43783412953394,14.1899995803833
2024-12-10,521.99858294802,523.7531427665872,517.5523716280675,518.9879150390625,24350000,62.00025760071624,6.537452272836276,5.618117224383353,5.973761531468417,526.1139867305798,509.69029846191404,493.26661019324837,14.180000305175781
2024-12-11,523.3743048572086,528.9669185403193,522.9656012200102,528.279052734375,32168600,68.47455012376504,7.10730163616762,5.915954106740206,6.259850243596158,528.8531339154979,510.5381652832031,492.22319665090833,13.579999923706055
2024-12-12,526.0460287635723,527.3220944429013,524.3911957347382,524.8696899414062,23577500,64.1550683888629,7.200797961433466,6.172922877678858,6.09042215474192,530.6003430629385,511.2484603881836,491.8965777134288,13.920000076293945
2024-12-13,528.8174164894651,531.5189858488804,525.6671675702225,528.88720703125,28780400,66.81184343460433,7.512475386271035,6.440833379397294,6.130341708508511,533.0388350880781,512.3370803833008,491.6353256785234,13.8100004196167
2024-12-16,531.4293352933635,537.4805468453278,531.3495659763669,536.5035400390625,31979900,71.1738520019124,8.278625570043232,6.8083918175264815,6.306270144620604,536.0503455190141,514.4106399536133,492.7709343882126,14.6899995803833
2024-12-17,534.6990715532088,535.8155984486888,532.4759965312329,534.1408081054688,28579100,68.18011052075936,8.59606233390798,7.165925920802781,6.143503956278389,538.1622473350963,516.1940979003906,494.22594846568495,15.869999885559082
2024-12-18,533.492875441602,535.2174988418191,513.4152264907397,514.8706665039062,54703200,49.78669878257436,7.209586253803764,7.174657987402978,7.26198741304989,537.8285106902212,516.8425811767578,495.85665166329443,27.6200008392334
2024-12-19,519.576101377112,520.1443436340368,512.2389067316958,512.5778198242188,46441800,48.12315781039897,5.858250145327702,6.911376418987922,7.307948090856395,537.3019209882166,517.3908767700195,497.4798325518225,24.09000015258789
2024-12-20,508.85937724769343,523.1948531008555,507.712944414834,517.0538940429688,60530000,51.52815435463173,5.089816093227341,6.547064353835806,7.8918024190824765,536.9289160969137,518.0727569580079,499.216597819102,18.360000610351562
2024-12-23,518.7763669007879,522.470869711588,515.3614764173324,522.0914306640625,29672800,55.10001845241517,4.831617793199143,6.203975041708473,7.835916053023413,536.7771886185551,518.9661376953125,501.15508677206975,16.780000686645508
2024-12-24,524.0485322584022,529.2607302964886,523.4094706075514,529.1708984375,17558200,59.60506572047495,5.139008374326409,5.99098170823206,7.788300594409322,537.3007083845783,520.173617553711,503.0465267228437,14.270000457763672
2024-12-26,527.5333389778602,530.4489740342622,525.5263221162263,528.8114013671875,19090500,59.27979921543353,5.292599423739375,5.851305251333523,7.5836114032397886,537.7460807852351,521.2275436401367,504.70900649503824,14.729999542236328
2024-12-27,525.2267351908741,525.6660824304424,517.0888468707806,521.7818603515625,33839600,53.16984616576982,4.791858661506012,5.639415933368021,7.879250195608869,536.568395331478,522.1298721313476,507.69134893121725,15.949999809265137
2024-12-30,514.7423974022865,518.5866402404552,511.0678538916629,514.8422241210938,34584000,47.91895619249282,3.791343109616264,5.269801368617669,8.081732785915351,535.8662827377813,522.4639068603516,509.06153098292197,17.399999618530273
2024-12-31,516.1303511956955,516.8891683491522,509.5002236457357,510.4687805175781,29117000,44.90892054513739,2.615378522418041,4.738916799377743,8.032247922879723,536.1920197687182,522.3026290893555,508.41323840999286,17.350000381469727
2025-01-02,513.534161708165,515.870704111665,504.9569564327284,509.4702453613281,36389800,44.22585087889321,1.5845786365372305,4.108049166809641,8.238069334026639,536.6966663836138,522.0126678466797,507.3286693097457,17.93000030517578
2025-01-03,512.5855468367399,518.876214270739,511.7668215285793,517.8078002929688,29059500,50.936315268033894,1.424018109251051,3.5712429552979232,8.321490732268368,536.6190905115013,521.8210723876953,507.0230542638892,16.1299991607666
2025-01-06,523.239726881552,527.1338830152287,521.2526998445645,523.7589111328125,36109700,55.08976504912042,1.756727186387593,3.2083398015158573,8.393247302982049,536.8005242977906,521.9993103027343,507.198096307678,16.040000915527344
2025-01-07,524.8073744683829,525.2067422646539,512.5157076399819,514.412841796875,36690300,48.19017969834798,1.2518216196091316,2.817036165134512,8.700232111674193,536.5729202446475,521.4774688720703,506.3820174994931,17.81999969482422
2025-01-08,514.3130270674945,516.1502530505413,509.80973302054656,514.5027465820312,30777800,48.25731323695971,0.8491464533466342,2.4234582227769366,8.531681248697092,536.5627951550919,521.1644866943359,505.76617823357986,17.700000762939453
2025-01-10,510.7184045512355,510.8182312710434,503.1696640167018,506.4347839355469,40532500,42.886788357905544,-0.11961483051993582,1.914843612117562,8.731781342742261,537.2094852452275,520.5368301391602,503.8641750330929,19.540000915527344
2025-01-13,500.4536968562401,505.2664964430211,498.955930441633,504.8071899414063,31694200,41.874350078868154,-1.0070892623637064,1.3304570372213083,8.642286496397379,536.9690331718939,519.3632369995117,501.75744082712964,19.190000534057617
2025-01-14,507.9824652132088,509.4003642097552,500.8431178147032,504.3279113769531,33737200,41.563192387723184,-1.7291602353330973,0.7185335827104271,8.636212203444137,536.9074272602082,518.336148071289,499.76486888236985,18.709999084472656
2025-01-15,512.2660850261747,517.0788540153866,510.6983851009626,515.9306030273438,34957600,51.04671582985543,-1.3496089829523044,0.30490506957788077,8.930121520229088,535.6356306280431,517.6883178710938,499.7410051141444,16.1200008392334
2025-01-16,518.207218362087,518.2871163063428,512.1862287337499,512.3160400390625,28229000,48.41093992079874,-1.3252008158165154,-0.02111610750099846,8.728033381112217,532.3290356281831,516.4789428710938,500.6288501140044,16.600000381469727
2025-01-17,522.0714062167059,523.2896212209615,512.3459196801547,520.9630737304688,51837900,54.4678961207393,-0.6011837429248317,-0.1371296345857651,8.888429652596988,529.6447479310698,515.8200561523438,501.99536437361775,15.970000267028809
2025-01-21,523.699023857799,525.1867954798969,519.2856223520863,524.0185546875,23628000,56.41517965493203,0.2166592679407131,-0.06637185408046946,8.675054186540816,530.5444779919361,516.2774505615234,502.01042313111077,15.0600004196167
2025-01-22,528.7814532060628,533.0251247604261,528.4719172481036,530.7185668945312,33593000,60.41317965419193,1.3894243184054176,0.22478738041670793,8.698733892711196,532.6515147569283,517.1844879150391,501.71746107314976,15.100000381469727
2025-01-23,528.2521869702515,531.9666792259658,527.6630996653944,531.8468627929688,23096600,61.060955747548995,2.3824299502015265,0.6563158943736717,8.384794297558354,534.6583598643531,517.9241363525391,501.1899128407252,15.020000457763672
2025-01-24,532.22633644199,532.9951484463661,527.3635928962776,528.8413696289062,19878300,58.32320987965775,2.8935211762681092,1.103756950752559,8.188134387024792,535.5804827974903,518.2616333007812,500.9427838040722,14.850000381469727
2025-01-27,510.23909385806246,517.2186756257028,509.39035345878335,513.4443359375,60771700,46.75718995541311,2.0327207748546243,1.289549715572972,8.992625942960371,534.1578756558188,517.4753051757813,500.7927346957438,17.899999618530273
2025-01-28,514.4528057450258,522.2212505417087,511.0179559555614,521.0330200195312,33194200,51.82772482372127,1.9405047087826688,1.4197407142149114,9.150530846045156,533.0404820485489,517.0863861083984,501.1322901682479,16.40999984741211
2025-01-29,521.6820822100884,521.8118935164292,516.1303634536972,520.0545043945312,26649000,51.151275529917704,1.7680834138968748,1.4894092541513042,8.902745075808502,532.869983314904,517.0000183105469,501.13005330618984,16.559999465942383
2025-01-30,522.9301694920367,525.3165642441627,517.438359498841,522.2711181640625,27431300,52.65864842388663,1.7896702965113036,1.549461462623304,8.829563623630872,533.3692624911484,517.3714630126954,501.37366353424227,15.84000015258789
2025-01-31,526.1353786930239,530.7285656818225,520.4139303866243,521.5122680664062,38845500,52.06630323177712,1.7256529426610996,1.584699758630863,8.935640171599966,533.6910040109,517.9236373901367,502.15627076937346,16.43000030517578
2025-02-03,512.7053954765727,520.0744112670776,510.2890160078782,517.3385009765625,40580800,48.81389169886748,1.322881254356048,1.5323360577759,9.099041020666256,533.6064996461117,518.3170501708985,503.0276006956853,18.6200008392334
2025-02-04,517.8577558683364,524.3280875345033,517.4583270975198,523.6890258789062,26046800,53.56664140260589,1.498838399553506,1.525636526131421,8.948365701900153,534.0753002302542,518.6111114501953,503.14692267013635,17.209999084472656
2025-02-05,521.0430121337988,526.2252866098556,519.8447867569009,526.0654907226562,21134100,55.24148759414089,1.8091913253543908,1.582347485976015,8.764946712689763,534.3757700410266,518.7264404296875,503.0771108183484,15.770000457763672
2025-02-06,526.5747464776587,529.0211106171839,524.9571635327574,528.8114013671875,19434500,57.16410287180994,2.2507747650713554,1.716032941795083,8.429161024956677,535.5537640045223,519.4463684082032,503.33897281188405,15.5
2025-02-07,529.3506385655694,531.3076811301025,521.4124638907397,522.141357421875,29605500,51.38954789888723,2.039011563912254,1.7806286662185173,8.53387932598569,535.8104584709072,519.8282989501953,503.84613942948334,16.540000915527344
2025-02-10,526.4349076046266,529.5702465773193,525.9656367169049,528.4619140625,20852800,55.932373869354215,2.3540675734938077,1.8953164476735753,8.454951456661304,536.0824799926218,520.929655456543,505.77683092046414,15.8100004196167
2025-02-11,525.176850812149,529.1309152421704,525.0470395107318,527.2037963867188,19325500,54.83388396936506,2.473716682949771,2.0109964947288144,8.142731762002542,535.4837033460346,522.0494857788086,508.6152682115826,16.020000457763672
2025-02-12,521.522240157499,528.4019950074942,521.1727857139907,527.5133056640625,25009400,55.06767551032188,2.5639585579760933,2.1215889073782703,8.07748015710975,534.0836073198677,523.2087554931641,512.3339036664604,15.890000343322754
2025-02-13,529.190821985701,535.4215206592452,528.4020202629058,535.10205078125,28714800,60.47047250163068,3.2108119616273143,2.339433518228079,8.065389788400674,535.6687517953897,524.1673278808594,512.6659039663291,15.100000381469727
2025-02-14,535.2118657811616,538.037668843142,534.8723452415906,537.3486938476562,17862600,61.929932532753774,3.860234879054474,2.643593790393358,7.715385060768587,536.9374453476397,525.4189605712891,513.9004757949384,14.770000457763672
2025-02-18,538.9262828029723,539.1959002552666,535.2417750467905,538.5668334960938,20565000,62.73334520177101,4.422224260628582,2.9993198844404025,7.446723642747692,538.9553286683506,526.2991485595703,513.64296845079,15.350000381469727
2025-02-19,537.7680771648068,540.0047320561414,535.6612335791547,538.7166748046875,19666900,62.83723722024096,4.824086766414894,3.3642732608353008,7.225064702336193,540.7387004026629,527.0340545654296,513.3294087281964,15.270000457763672
2025-02-20,537.9277590296091,538.2972031880117,531.6671371127117,536.4299926757812,26550800,60.084388517748586,4.901547571019478,3.6717281228721363,7.212527058739026,541.5475110822141,527.3196258544922,513.0917406267703,15.65999984741211
2025-02-21,537.5783027293683,537.5982924495162,524.927186702252,525.296630859375,47093800,48.860814558700774,4.0182467166685,3.741031841631409,7.602425536490821,541.0890284435438,526.9921142578125,512.8952000720813,18.209999084472656
2025-02-24,527.0939687454339,528.282199221784,518.7564266339529,519.0958862304688,39268400,43.93801486952745,2.7857636072025116,3.5499781947456297,7.739807468729417,540.9810059967059,526.5048400878907,512.0286741790754,18.979999542236328
2025-02-25,518.4668320054188,518.5467299482928,508.6814365808121,512.5556640625,48940000,39.426028004538324,1.2666692190682625,3.0933163996101563,7.930853338795649,541.1011725488152,526.4604064941407,511.8196404394662,19.43000030517578
2025-02-26,514.7624106136165,518.8862050191877,510.60857068019567,513.7938232421875,34457600,40.66820518079846,0.16083110914826193,2.5068193415177773,7.9556234102382515,541.5911911647174,526.0984466552734,510.60570214582935,19.100000381469727
2025-02-27,517.3584760922864,518.2970788098012,499.3053813068577,499.5250549316406,52448000,32.41779331252442,-1.8456484274896638,1.636325787716289,8.743914416860052,544.300435675749,525.0719741821289,505.8435126885088,21.1299991607666
2025-02-28,499.3852933938716,508.02240713965296,496.1900461196219,507.413330078125,47654000,39.70082562866177,-2.7673794097229347,0.7555847482284441,8.96451774565798,545.0250451608416,524.329084777832,503.6331243948224,19.6299991607666
2025-03-03,510.7582993293104,512.2760249711163,492.84501082888505,496.3098449707031,44587200,34.12604507911486,-4.343744325629245,-0.2642810665430939,9.712124631127498,547.0981089152298,523.0689636230469,499.039818330864,22.780000686645508
2025-03-04,493.44414810630246,502.98991062423903,487.0137349661512,494.8121032714844,67875400,33.443852751901105,-5.648764673634446,-1.3411777879613642,10.15955684733895,548.8767824560445,521.942643737793,495.00850501954153,23.510000228881836
2025-03-05,495.4611356242819,502.8800645204116,490.5284891926154,501.2624816894531,46323700,39.09107358182365,-6.092283024927269,-2.2913988353545456,10.31612959594304,549.199867936102,520.8213165283203,492.4427651205385,21.93000030517578
2025-03-06,492.9548682867015,497.8375709366056,485.4760310990004,487.4730529785156,57574300,32.70287639254422,-7.4703525930527235,-3.327189586894181,10.706866809836589,550.6307790837187,518.8916946411133,487.15261019850794,24.8700008392334
2025-03-07,486.4345981651802,492.5454803049767,479.8144656896888,491.0577087402344,54714700,35.646995715563385,-8.178949058962075,-4.29754148130776,10.851448795940254,550.5954092974603,517.0040100097656,483.41261072207095,23.3700008392334
2025-03-10,482.7301311359428,483.2493458601562,467.96214564805655,472.0260925292969,76668000,28.514551956563196,-10.159101440145719,-5.469853473075352,11.72602838852865,553.2615135629924,514.4982467651367,475.7349799672811,27.860000610351562
2025-03-11,471.6466493194181,478.0970214694122,466.31460454838,470.8977661132813,68760800,28.154874853884365,-11.684738587477227,-6.712830495955727,11.730056140850335,554.1718680391575,511.62003936767576,469.068210696194,26.920000076293945
2025-03-12,478.4465242260423,480.3436889912064,471.0875031883269,476.2098693847656,46971100,32.47341968980748,-12.32312140674992,-7.834888678114565,11.566903764927105,553.6445468630113,509.0703430175781,464.49613917214486,24.229999542236328
2025-03-13,475.5408338119963,475.5707879212251,465.73544909598814,467.6426086425781,46563300,29.4036772850953,-13.366272661605251,-8.941165474812703,11.488869230916418,553.2598295374274,506.0768081665039,458.89378679558035,24.65999984741211
2025-03-14,473.0246075899529,479.8444240323692,472.4155000594354,478.9457702636719,43563000,37.76289993164092,-13.129557502198338,-9.77884388028983,11.539793956550323,549.8890319896157,503.268994140625,456.6489562916343,21.770000457763672
2025-03-17,478.89581870707696,485.11655285143536,477.0885163381632,482.0511169433594,41744400,39.86945956462179,-12.546752357249773,-10.33242557568182,11.288954139173313,545.2322293295816,500.50411529541014,455.77600126123866,20.510000228881836
2025-03-18,478.696148092504,478.8958320033506,471.7065712980047,473.8334045410156,39072300,36.36196296185355,-12.602699716155144,-10.786480403776483,11.22149638961484,539.8257717738682,497.26744384765624,454.7091159214444,21.700000762939453
2025-03-19,476.100008413995,484.6073108234791,474.1628947137665,480.1739501953125,40430300,40.69701061359826,-11.997114093688026,-11.028607141758792,11.189525667675458,532.963727008677,494.3403076171875,455.71688822569797,19.899999618530273
2025-03-20,476.16989532147545,483.8284570603852,475.47092548434057,478.5463562011719,36780500,39.94479656133609,-11.515769732670151,-11.126039659941064,10.98724037541611,525.4144173957062,491.44612579345704,457.47783419120793,19.799999237060547
2025-03-21,473.3740492680448,480.8928353676472,472.2058085419186,480.1239929199219,42234900,41.08157460052923,-10.88156287701321,-11.077144303355492,10.822939407581288,519.681853409499,489.1874938964844,458.6931343834698,19.280000686645508
2025-03-24,487.739990234375,491.510009765625,484.3999938964844,490.6600036621094,34567200,48.141482168079406,-9.420191259933517,-10.745753694671098,10.86315922458999,515.0301681937656,487.7656997680664,460.50123134236713,17.479999542236328
